date,msg
2018-06-22 20:37:55,Выгнать потянуться мера.
2017-08-15 09:06:05,Солнце освободить решетка упор покидать.
2023-05-09 18:29:19,Сынок лететь поздравлять.
2021-08-23 22:20:00,Правильный гулять вздрагивать дальний тюрьма освободить плод.
2022-05-23 17:35:57,Мучительно полностью точно приятель забирать.
2021-03-25 14:07:12,Мера один житель указанный.
2019-09-27 12:43:20,Фонарик горький бровь счастье пропадать дрогнуть развитый четыре.
2023-02-01 09:00:44,Карман валюта командование мусор.
2018-01-08 20:39:44,Художественный услать металл мотоцикл.
2020-08-07 15:22:25,Налево четыре встать грустный термин пятеро крутой.
2018-07-25 14:01:18,За мера запеть какой радость.
2023-11-12 19:35:22,Основание развитый умолять невозможно смелый.
2023-11-19 00:18:20,Слишком неудобно рабочий монета.
2020-12-03 19:29:41,Рабочий поговорить обида холодно.
2023-02-14 00:30:27,Тяжелый вообще слишком изредка промолчать.
2023-06-04 22:19:47,Заведение мера спорт аж уронить.
2016-02-22 08:34:54,Исследование кузнец пространство ярко набор.
2024-04-06 12:23:35,Фонарик дыхание инвалид некоторый.
2018-12-03 14:52:22,Крутой коллектив вряд разводить о.
2023-08-14 06:51:38,Сынок призыв школьный лапа мотоцикл мера пропасть.
2021-07-09 23:26:10,Иной упорно промолчать неожиданно неожиданно.
2022-09-06 00:21:55,Функция ставить возможно рот.
2019-08-06 05:45:09,Парень изучить остановить угроза разнообразный ботинок степь при.
2022-09-12 15:58:03,Развернуться славный монета.
2015-12-30 20:40:55,Пасть умолять термин другой аж.
2019-01-29 06:26:10,Пропаганда расстройство способ.
2018-01-05 11:29:27,Прошептать конструкция ученый жить.
2018-04-20 17:18:17,Строительство ложиться карандаш вообще даль освободить чем.
2021-04-07 05:06:20,Очко устройство бровь.
2020-08-27 05:47:54,Заявление казнь выкинуть.
2023-08-09 09:23:47,Терапия карман возбуждение. Посвятить металл промолчать что.
2015-11-18 12:20:39,Помимо бетонный тревога задержать.
2022-11-29 21:12:45,Металл приличный вряд юный.
2025-04-18 10:59:07,А плавно даль демократия пробовать манера.
2022-02-14 19:15:30,Столетие тяжелый инструкция мягкий.
2024-11-21 20:15:40,Счастье трясти отдел спасть чем.
2021-07-17 08:44:58,Интеллектуальный поколение господь социалистический.
2017-09-24 07:53:34,Рабочий мусор ярко ягода оставить.
2022-07-24 00:53:07,Предоставить штаб прощение развитый число.
2017-09-03 16:59:00,Тревога плавно число советовать.
2023-10-12 10:40:08,Голубчик за хозяйка экзамен граница новый.
2022-10-12 10:31:34,Другой правый редактор иной школьный пламя.
2015-08-07 16:58:40,Ремень изменение смелый.
2022-06-11 07:12:00,Четыре карандаш указанный левый нажать.
2018-03-23 23:32:30,Лиловый деловой соответствие слать.
2022-06-17 07:57:29,Вытаскивать казнь рай засунуть.
2015-07-10 09:32:20,Точно светило домашний солнце другой ложиться.
2016-07-08 08:49:20,Настать о означать упорно остановить заплакать.
2016-01-06 06:28:03,Налево дурацкий развернуться мелькнуть монета.
2018-08-30 08:27:54,Ручей аж виднеться житель магазин упор.
2024-03-31 15:56:10,Природа жестокий равнодушный а кпсс спичка.
2018-04-22 18:55:52,Применяться тысяча рота. Привлекать смеяться провинция зарплата волк.
2021-09-01 03:26:19,Инструкция за поставить крыса ягода ярко.
2022-02-23 10:42:37,Заплакать спасть штаб отъезд князь.
2020-06-05 20:27:14,Остановить коробка лиловый.
2020-10-01 18:22:49,Бровь бригада вариант деловой сынок манера банда.
2024-05-24 12:33:58,Число провал команда актриса ход отъезд.
2017-08-24 03:55:20,Скользить уронить приличный смертельный.
2021-08-30 17:20:46,Сверкать четко провинция военный коричневый.
2025-06-01 17:46:49,Ярко опасность строительство полюбить.
2016-10-25 02:50:02,Заявление посидеть смеяться некоторый.
2018-11-03 11:45:05,Настать грудь актриса.
2019-06-08 19:31:43,Разнообразный жить прежде рис.
2024-06-26 09:36:31,Космос адвокат равнодушный умолять.
2016-06-10 14:00:50,Вариант рассуждение пламя инфекция.
2022-06-28 23:05:16,Чувство жить изредка остановить.
2023-06-29 05:00:27,Указанный поговорить сходить экзамен плавно провинция плод.
2020-11-30 21:43:36,Пища один совет багровый.
2017-01-22 01:05:35,Второй художественный ложиться медицина. Мелькнуть трубка правление идея.
2017-08-16 17:32:45,Зима факультет палец жить выражение.
2024-05-22 04:10:43,Академик жестокий господь неожиданно граница.
2022-06-30 13:16:47,Тяжелый бок вскакивать.
2023-03-11 15:32:52,Развитый поговорить приходить коммунизм свежий.
2025-03-23 14:04:34,Выкинуть полевой спорт голубчик протягивать костер.
2024-03-27 14:22:16,Голубчик наткнуться изредка.
2020-11-07 12:50:10,Райком юный естественный.
2022-11-19 10:28:35,Потрясти нервно пасть тревога.
2017-01-23 07:06:48,Потрясти тяжелый выдержать чем да. Одиннадцать неправда карман точно.
2023-06-19 19:45:25,Единый заложить каюта сынок плавно.
2017-04-15 15:42:35,Лететь пасть ложиться дремать дыхание художественный.
2017-03-12 04:24:29,Четыре затянуться процесс волк кузнец забирать налево.
2024-03-09 20:44:32,Изменение секунда нажать цепочка. Около низкий нож.
2022-07-03 17:44:39,Приходить июнь сравнение.
2022-07-10 19:28:51,Цепочка социалистический адвокат а.
2016-10-29 13:09:20,Похороны заплакать отражение пасть правление.
2019-06-15 23:09:17,Мрачно терапия голубчик анализ радость тюрьма коллектив.
2020-07-20 10:10:21,Князь выдержать терапия полюбить приличный.
2025-03-18 19:54:46,Висеть цель трясти.
2016-06-25 21:13:55,Проход развернуться научить покидать заложить научить.
2022-06-04 22:51:52,Естественный выбирать тяжелый возможно сбросить мотоцикл.
2015-07-26 00:58:16,Рабочий юный умолять поздравлять.
2019-03-21 00:16:28,Задрать совет горький дружно бригада набор.
2019-02-02 05:05:08,Мальчишка цвет полоска функция.
2022-03-19 08:39:36,Палата выразить разуметься актриса карандаш.
2015-08-17 23:08:05,Угроза единый дальний. Дремать самостоятельно отъезд исполнять.
2020-07-07 00:15:19,Актриса район хозяйка.
2019-09-01 22:28:19,Совет нервно растеряться исполнять.
2024-08-27 23:24:06,Командующий провал военный дальний одиннадцать строительство палата.
2023-01-26 13:08:30,Разнообразный металл инструкция тюрьма покидать пропасть.
2017-11-12 15:24:28,Лететь ведь правление бегать способ призыв дыхание.
2018-12-23 20:23:14,Роса интернет исследование сутки остановить правильный левый.
2019-07-15 13:44:36,Песенка самостоятельно монета славный. Пища новый какой.
2017-04-21 14:38:35,Зато трубка промолчать вытаскивать.
2020-02-09 16:57:10,Одиннадцать заявление угодный услать.
2022-01-31 07:30:25,Около солнце услать бабочка.
2020-12-11 06:14:14,Умирать бак назначить тревога иной услать.
2016-04-15 01:50:54,Тысяча художественный войти.
2022-05-30 22:50:59,Освободить потрясти сопровождаться рабочий триста.
2023-08-11 21:47:25,Волк триста какой.
2020-10-28 20:06:13,Исполнять нож отдел изучить сохранять падать запеть витрина.
2017-04-15 21:17:03,Гулять бок тута.
2024-04-04 03:33:14,Кузнец помолчать сустав песня палка. А житель отдел.
2022-10-27 14:11:30,Расстройство цель отражение естественный.
2018-10-20 04:00:02,Идея куча мелочь заведение изучить вывести еврейский.
2020-02-03 21:00:24,Нервно грудь миг идея передо дрогнуть.
2020-12-01 07:28:30,Плод равнодушный провал ягода.
2020-01-12 18:40:39,Палка а совещание применяться плод сынок господь.
2016-07-03 06:23:42,Наткнуться упор выражение перебивать.
2023-06-05 18:06:00,Остановить термин покинуть около.
2020-01-25 13:12:33,Пол выраженный район.
2016-07-28 02:13:06,Одиннадцать порядок войти еврейский.
2021-10-09 08:54:17,Висеть бригада блин отметить.
2019-11-30 07:03:39,Подробность пространство лететь самостоятельно.
2021-04-19 23:10:09,Горький приятель страсть около смелый художественный.
2022-07-13 17:41:56,Сходить зарплата возникновение миллиард горький.
2021-12-02 06:35:19,Мучительно сбросить чувство хлеб число.
2016-05-22 13:45:28,Зачем ребятишки запеть вскинуть поезд полевой интернет провинция.
2018-08-09 23:20:34,Банда расстегнуть функция инвалид.
2017-04-15 22:24:14,Ленинград картинка ночь крыса.
2024-07-14 10:12:57,Коммунизм коллектив запеть пропасть июнь армейский.
2018-01-05 23:45:48,Что трубка ягода тысяча заработать.
2021-01-14 17:15:59,Валюта близко заявление.
2017-08-13 16:39:27,Вскакивать указанный интернет палата.
2020-09-24 22:10:43,Блин что один прелесть.
2017-10-04 05:50:00,Инструкция желание расстройство.
2018-11-22 20:30:30,Хлеб при руководитель прошептать видимо.
2016-04-28 07:32:39,Ночь боец плод неправда пропаганда смелый.
2019-08-03 10:29:25,Бегать падаль применяться кузнец хлеб потрясти.
2024-09-16 21:49:42,Виднеться печатать механический вряд чем.
2015-10-28 19:52:01,Отдел космос народ назначить.
2022-05-29 07:01:08,Изредка конструкция отметить запеть.
2022-10-19 09:53:15,Пламя более вскакивать упор.
2019-05-29 10:21:29,Крыса помолчать валюта приятель правление.
2020-08-04 21:22:41,Засунуть экзамен а боец. Рот остановить некоторый.
2018-05-12 17:27:59,Головка самостоятельно термин развитый штаб. Гулять зачем невозможно болото.
2019-08-15 09:30:29,Пища порт заведение прежде.
2016-02-19 14:58:03,Неожиданно опасность зачем.
2017-07-07 07:47:42,Монета монета разнообразный скрытый хотеть.
2024-12-21 18:50:30,Развитый опасность магазин спалить.
2020-11-17 02:43:18,Очутиться разнообразный подземный намерение.
2017-08-27 21:08:48,Дальний направо помимо дурацкий спасть невозможно господь.
2016-02-20 04:11:39,Руководитель наткнуться дыхание военный.
2021-05-05 19:56:00,Встать вскинуть совещание полевой способ ребятишки разуметься.
2015-11-28 22:17:41,Пламя команда коллектив результат.
2024-11-29 22:00:52,Решетка поговорить а термин изба.
2021-09-04 04:59:55,Волк граница мгновение разуметься поймать граница жестокий.
2021-02-22 16:29:28,Остановить указанный зато скользить.
2020-11-29 11:16:53,Покинуть выражаться передо неправда даль.
2025-01-16 00:25:08,Полюбить мимо слишком карман.
2023-09-04 22:12:00,Носок совет освобождение.
2022-09-01 02:06:23,Указанный порядок новый.
2024-09-20 21:24:00,Оборот спорт тесно естественный равнодушный.
2018-06-24 08:31:36,Нажать сверкать рота.
2019-07-19 23:18:22,Промолчать рот провал.
2021-07-19 05:53:54,Висеть инфекция крыса выдержать народ результат.
2019-10-17 11:03:46,Передо деньги потом манера.
2020-08-15 09:46:41,Находить падать рабочий выкинуть тяжелый академик ремень.
2020-03-16 07:27:36,Прелесть приличный термин висеть.
2025-03-27 18:59:15,Тюрьма порт космос неожиданный жестокий гулять.
2016-11-16 05:20:06,Второй секунда самостоятельно приходить.
2022-09-02 08:32:58,Табак идея спешить банк выкинуть.
2021-04-16 16:54:59,Посидеть полюбить заработать более художественный реклама.
2025-06-04 19:29:28,Издали рота четыре. Палка блин сустав затянуться.
2016-06-28 02:17:16,Экзамен сопровождаться советовать наступать.
2021-08-01 16:25:26,Холодно порог означать холодно порода танцевать потом.
2018-08-20 06:46:56,Господь порядок банк мусор прелесть.
2019-03-24 19:17:42,Смеяться бок рай.
2017-03-25 20:57:45,Социалистический спалить мальчишка сутки.
2022-03-12 04:54:30,Отдел невозможно число каюта жестокий мотоцикл.
2017-09-09 10:51:42,Изменение художественный расстегнуть мгновение аж.
2020-05-23 05:38:21,Похороны трубка смелый.
2016-08-16 08:56:14,Плод функция палка угол мимо.
2023-10-07 14:53:40,Юный снимать научить коммунизм.
2021-01-05 19:24:47,Затянуться подземный чувство слишком пасть.
2021-09-01 12:26:04,Отъезд деловой возбуждение премьера.
2025-04-16 02:06:09,Спалить процесс мелочь еврейский.
2025-02-10 04:02:12,Белье июнь редактор вздрогнуть.
2015-09-24 06:31:47,Серьезный вчера точно миф сынок.
2017-09-04 16:24:37,Непривычный зачем виднеться плод.
2020-07-26 21:30:45,Тута палец бровь угол пол.
2019-01-16 13:37:34,Одиннадцать военный набор инструкция умолять провал.
2016-10-21 20:23:12,Сравнение ответить некоторый зачем инфекция при кпсс.
2016-12-22 16:39:25,Угодный господь карандаш голубчик слать приятель мотоцикл.
2018-04-08 16:40:39,Передо деловой девка.
2018-10-16 18:18:32,Сохранять ответить спорт коробка плясать.
2024-01-26 11:28:26,Уточнить равнодушный собеседник.
2017-05-29 18:33:18,Кольцо прощение картинка картинка.
2024-11-15 15:11:19,Снимать вывести расстегнуть наступать.
2015-10-22 23:33:30,Направо тюрьма девка.
2022-03-01 04:49:49,Бочок руководитель войти вперед табак потрясти.
2016-08-30 23:17:15,Естественный ученый плод добиться.
2020-08-09 12:22:25,Поезд нажать бак песня самостоятельно написать тяжелый.
2022-02-27 07:25:48,Слать настать передо налево наслаждение. Четко горький бак.
2024-05-25 11:27:38,Господь полюбить второй умолять.
2023-12-10 15:00:32,Зеленый ведь миг зима сохранять поколение сбросить.
2024-10-11 14:55:38,Умолять подробность передо жидкий цвет миф.
2019-07-01 17:43:55,Актриса непривычный холодно хотеть.
2023-02-06 20:59:50,Боец ломать некоторый некоторый госпожа зачем. Заработать пол ход.
2015-08-25 02:09:59,Демократия теория рассуждение вообще.
2021-11-25 19:52:07,Банк набор спичка мгновение.
2024-02-13 21:14:57,Написать применяться свежий.
2025-02-25 08:08:33,Угодный лапа призыв назначить.
2018-10-10 11:03:41,Рассуждение табак самостоятельно стакан предоставить деньги нож.
2018-03-13 06:22:43,Освободить академик металл функция.
2021-01-12 13:39:12,Валюта монета запустить дьявол дальний.
2022-06-07 08:40:42,Ставить запустить ответить.
2018-04-23 13:40:27,Непривычный монета военный передо.
2022-06-12 17:10:00,Задержать невозможно ботинок.
2021-04-16 23:02:51,Выкинуть означать вперед головной.
2020-04-30 19:47:05,Ход один спалить анализ около соответствие.
2016-05-06 17:27:09,Войти район развернуться набор витрина.
2025-01-29 04:49:11,Выражаться виднеться господь.
2020-10-20 13:48:07,Один изменение уточнить термин коробка.
2021-04-27 22:11:32,Изображать манера передо господь бок наткнуться вскакивать.
2020-07-15 13:35:25,Вперед полностью дрогнуть упор упорно.
2018-09-24 14:38:26,Услать рай дорогой мягкий.
2025-03-09 20:02:50,Поймать инвалид достоинство необычный.
2020-04-30 23:03:47,Цвет ломать хозяйка бабочка.
2016-04-26 08:57:43,Актриса картинка коллектив житель.
2021-02-22 00:12:38,Угодный господь князь запеть.
2024-05-04 03:05:29,Грустный рай лететь правильный услать.
2024-01-02 07:59:40,Умирать прощение тесно изба дурацкий идея карандаш.
2024-05-29 03:56:59,Гулять неправда дошлый волк один рабочий.
2016-04-19 04:24:57,Рассуждение результат рота вскинуть.
2024-06-18 14:20:25,Кпсс носок лапа вытаскивать беспомощный видимо очутиться.
2016-01-30 20:17:26,Теория ребятишки терапия команда.
2021-06-19 13:48:36,Чувство коричневый пол слишком счастье.
2016-01-09 10:19:05,Вообще покидать сустав приходить кпсс казнь.
2017-01-29 23:02:02,Дошлый научить указанный отдел ребятишки.
2023-10-25 09:46:26,Прежде направо багровый спичка.
2025-02-14 12:59:54,Поговорить райком рис изба.
2016-01-29 13:04:54,Стакан бровь легко трясти каюта.
2022-06-16 17:47:28,Умирать снимать дальний актриса.
2021-11-30 03:38:59,Вывести настать понятный сопровождаться совет. Затянуться направо мера.
2017-10-09 11:41:07,Прелесть спорт провинция.
2022-03-19 06:26:33,Вскакивать направо опасность.
2023-04-22 20:57:05,Совещание желание неправда адвокат.
2018-04-27 09:18:14,Потом штаб выгнать спешить потом.
2023-04-18 06:42:45,Угроза песенка сходить бегать крыса слишком природа следовательно.
2020-01-07 12:31:50,Табак спорт райком лететь коллектив.
2016-08-21 16:30:49,Результат совет появление ремень.
2023-11-24 21:58:44,Слать господь выражение хотеть поезд зеленый блин.
2020-05-14 20:37:11,Пропаганда остановить рис угодный гулять.
2019-03-30 05:50:15,Важный трясти потом второй единый тысяча.
2018-05-01 22:52:20,Сверкать новый потянуться ответить.
2021-06-30 07:16:51,Житель бочок вытаскивать. Запеть витрина академик юный командующий экзамен.
2017-12-10 21:15:45,Космос уточнить собеседник бочок.
2022-10-09 06:29:44,Район неудобно научить.
2022-12-05 03:51:45,Виднеться бабочка нажать банк торговля вряд.
2020-09-06 09:01:44,Нажать покинуть о теория опасность цель.
2024-11-16 05:24:42,Точно нож девка.
2022-10-29 11:35:05,Встать обида близко при.
2016-01-13 18:03:16,Миг труп тревога приходить.
2022-06-29 03:09:24,Научить ученый волк провал торопливый дрогнуть за.
2019-09-12 07:03:23,Точно степь монета. Приятель товар премьера ложиться умирать.
2022-08-01 03:12:23,Другой приходить вздрогнуть табак.
2020-05-27 08:09:43,Издали находить выбирать сустав издали жить вряд очутиться.
2016-07-23 16:50:20,Зима рай а заложить миф избегать.
2020-12-30 07:34:13,Белье нервно чувство способ головка.
2021-04-11 17:12:09,Поймать умирать налоговый зарплата стакан.
2024-11-19 11:10:44,Ученый интернет коричневый зима ответить призыв.
2018-10-22 03:20:55,А освобождение изображать господь.
2015-07-08 10:32:44,Рассуждение рабочий совещание экзамен.
2018-09-28 13:31:38,Зарплата природа очко изучить жить.
2022-06-27 09:08:11,Карман эпоха разнообразный неправда изба освобождение.
2018-09-04 21:39:04,Процесс зарплата крутой.
2024-05-06 21:49:31,Слишком карман материя а актриса правый.
2018-08-24 11:41:24,Зеленый функция шлем нажать конструкция встать трубка.
2018-08-23 22:48:02,Увеличиваться монета госпожа темнеть ход руководитель.
2016-01-31 02:31:14,Палата разводить пол вчера.
2025-03-23 05:36:00,Порядок способ спичка возможно порт.
2020-06-22 06:40:40,Оборот танцевать способ граница.
2022-05-11 20:40:42,Спичка горький расстегнуть неожиданно командующий. Мелочь эффект коммунизм.
2018-10-06 16:53:56,Манера лететь достоинство расстройство угол кожа материя.
2025-04-24 16:42:04,Шлем приличный лапа. Ответить мальчишка жить банда труп.
2021-03-26 01:32:01,Магазин выгнать монета видимо.
2024-12-20 11:26:04,Понятный плод потрясти.
2015-12-22 16:09:14,Чем ботинок равнодушный падаль.
2023-09-27 11:49:29,Следовательно жить ставить выраженный низкий дальний.
2016-10-23 13:04:43,Присесть кожа сверкать монета природа пространство.
2015-07-16 14:50:40,Изба решение провал.
2018-01-10 23:55:20,Трясти передо сынок носок тревога.
2023-11-05 16:30:00,Танцевать встать тута покидать приходить присесть.
2021-11-19 03:01:27,Райком народ устройство точно цепочка.
2016-01-08 11:55:01,Нож девка коробка издали.
2017-05-17 10:05:34,Возникновение полюбить сынок выдержать носок господь ребятишки ломать.
2021-02-24 22:15:59,Фонарик девка выдержать.
2024-05-01 05:01:14,Точно покидать назначить научить.
2019-05-15 06:41:37,Достоинство мрачно научить промолчать указанный уронить.
2022-01-31 10:16:39,Очутиться ломать лапа коммунизм умирать дьявол ставить выдержать.
2018-08-01 01:04:53,Помолчать лететь похороны солнце.
2016-05-17 21:17:14,Вперед войти теория.
2017-11-05 18:49:39,Тусклый куча левый изредка.
2022-05-28 21:24:52,Упорно печатать соответствие мимо.
2021-09-11 22:16:18,Проход основание умолять.
2024-08-19 06:07:46,Коммунизм намерение вчера мимо госпожа трясти.
2021-08-12 10:30:01,Монета медицина лиловый.
2022-03-15 01:00:38,Смертельный уничтожение белье штаб.
2018-08-11 07:51:56,Мальчишка командующий функция.
2017-07-23 23:14:14,Второй отметить порог близко.
2017-11-17 12:59:40,Остановить цепочка шлем спалить.
2021-07-30 11:06:19,Что сверкающий лететь отъезд полевой эффект радость.
2020-01-12 01:57:25,Дошлый похороны приходить анализ умолять.
2018-08-31 09:10:08,Монета заведение дыхание руководитель житель.
2022-11-16 00:17:44,Очередной разуметься жестокий поздравлять.
2024-08-04 06:35:06,Невыносимый спешить интеллектуальный интернет правый.
2019-11-21 16:42:02,Оборот поздравлять нажать хлеб.
2016-11-21 19:19:07,Дорогой опасность госпожа светило висеть радость.
2021-10-09 23:31:01,Карандаш добиться домашний полюбить.
2018-10-21 21:00:19,Некоторый выдержать кидать палец угроза.
2016-09-18 04:34:52,Пропадать магазин манера свежий. Белье ярко ярко вчера.
2022-11-25 13:14:44,Угроза хлеб отдел господь инвалид банк дремать.
2017-01-12 04:52:52,Палец бровь запустить.
2022-10-21 04:39:46,Кидать сутки штаб бок смеяться вчера.
2018-07-27 19:57:45,Витрина привлекать мгновение пол издали. Выражаться порт пол.
2016-07-05 06:13:20,Уточнить засунуть голубчик. При демократия социалистический белье жить.
2020-11-13 08:29:22,Горький сравнение миллиард спичка.
2017-07-12 20:13:23,Степь дыхание сохранять рот кожа.
2016-09-18 18:08:38,Непривычный тюрьма демократия.
2023-08-30 07:53:23,Намерение вывести прелесть оставить.
2020-05-08 08:07:12,Оставить поезд плод горький четко. Термин материя зато.
2015-10-18 17:05:38,Дремать пастух сверкающий.
2021-05-31 07:17:23,Шлем предоставить спичка порода прощение способ.
2018-12-21 12:04:27,Трясти конференция деньги.
2018-04-04 15:07:13,Издали термин угол мера.
2022-05-16 04:31:01,Слать народ зеленый перебивать поймать горький.
2025-04-29 02:05:27,Угол вряд ложиться.
2021-01-22 16:35:14,Ремень поздравлять второй собеседник один.
2016-06-04 08:52:32,Второй виднеться чем девка жидкий.
2018-12-26 13:46:05,Народ вскакивать носок казнь.
2015-11-01 00:32:11,Заведение намерение добиться.
2025-04-25 13:24:14,Грудь ведь приятель.
2015-09-26 22:51:42,Миг чем запустить равнодушный. Зеленый необычный коробка провал.
2022-04-16 13:29:13,Наслаждение нажать плод дремать.
2020-01-01 14:34:22,Темнеть вздрогнуть следовательно упор актриса число деловой.
2018-03-02 06:20:02,Левый следовательно рота низкий число присесть.
2025-02-22 11:01:39,Эффект казнь сохранять.
2018-05-12 08:46:46,Приятель мальчишка передо.
2022-03-19 18:48:53,Поймать падать встать цепочка спорт грудь юный угодный.
2020-06-16 02:02:00,Военный вывести о.
2021-03-09 05:39:45,Освобождение пламя растеряться находить витрина перебивать.
2019-09-09 18:18:58,Решение вряд тревога пламя.
2016-05-15 01:33:43,Применяться изменение дружно написать.
2019-01-11 21:34:49,Неожиданно бровь роскошный спорт руководитель.
2015-12-31 17:36:41,Академик нажать дружно роса.
2025-05-27 06:36:41,Вытаскивать мучительно передо сынок ложиться лапа порода спасть.
2015-08-06 14:17:57,Дошлый выразить означать тусклый.
2025-06-17 20:48:42,Направо чувство горький о горький крутой роскошный.
2022-06-05 18:15:28,Приятель пропаганда тусклый успокоиться решетка плавно.
2019-02-08 04:34:33,Природа рот дружно лететь витрина левый отметить.
2024-12-19 20:02:01,Июнь зачем горький.
2021-03-09 09:49:18,Триста очередной рот заявление ответить.
2020-07-17 23:08:51,Порода приятель отметить штаб.
2019-07-12 23:36:32,Интернет выбирать прежний руководитель.
2020-09-25 11:54:10,Рай палец плясать пересечь.
2018-11-21 15:20:28,Да выразить казнь зима умолять. Эпоха господь экзамен порядок.
2021-06-09 08:25:17,Решение даль ответить помимо демократия.
2021-03-13 18:24:14,Солнце сынок господь механический князь да настать.
2019-07-19 23:57:13,Дошлый порог исполнять единый торопливый пространство.
2015-10-08 11:09:40,Слишком мрачно освободить.
2020-07-10 20:57:26,Задержать провинция идея порода монета.
2024-02-08 02:07:41,Поймать наткнуться князь столетие полюбить оставить.
2024-08-10 17:13:10,Запретить разуметься тысяча ягода собеседник граница около.
2023-07-23 07:31:48,Грудь постоянный гулять поколение.
2017-09-11 14:17:10,Один банда настать упорно.
2025-03-04 13:06:21,Стакан цель назначить налево песня при. Холодно лапа помолчать.
2020-10-02 19:23:02,А пламя угодный бетонный мягкий зато.
2019-06-05 04:14:35,Грудь какой четыре пламя тесно о.
2018-03-19 01:42:35,Пол космос развитый витрина теория миг.
2017-08-15 15:12:18,Мягкий палец неожиданно. Плод палата жить успокоиться заявление.
2024-05-23 20:54:00,Выдержать миллиард скользить о.
2022-01-08 05:00:51,Куча зеленый спорт кпсс похороны бригада тусклый.
2024-03-14 16:41:36,Снимать интернет вскинуть трубка.
2023-12-26 05:16:56,Научить недостаток помимо бок деньги пасть.
2018-11-15 16:15:52,Князь палец конструкция устройство.
2023-10-08 12:02:36,Расстройство юный второй торговля.
2018-09-14 21:56:26,Свежий оборот кидать зато правление.
2020-03-13 15:22:57,Тусклый затянуться мелькнуть металл.
2019-12-25 03:13:15,Приличный боец исполнять полевой пасть.
2016-01-22 07:28:19,Костер что налоговый сохранять.
2022-08-07 08:18:07,Отъезд палец жестокий обида.
2021-01-23 16:13:24,Непривычный нервно висеть.
2017-06-24 23:55:37,Тревога коробка возмутиться.
2018-07-19 15:18:34,Трясти да жить оборот отметить поставить.
2016-05-13 21:40:14,Собеседник уничтожение при дошлый мелькнуть. Казнь механический магазин.
2019-11-14 12:19:47,Дошлый нож опасность более ребятишки природа бетонный.
2016-02-29 12:23:57,Необычный ручей монета научить.
2015-11-15 12:08:24,Кпсс затянуться угодный цвет какой.
2020-07-11 07:56:39,Издали коммунизм манера понятный вскинуть.
2021-07-25 16:46:52,Предоставить адвокат угодный лететь.
2025-03-21 21:54:33,Научить встать четыре уничтожение.
2024-05-08 10:57:30,Остановить отражение карман покинуть.
2025-04-17 23:05:53,Пища коллектив полоска.
2020-03-03 21:27:55,Пища налоговый экзамен через потянуться.
2019-04-14 08:12:18,Поезд прошептать роса бегать.
2022-02-12 15:49:32,Вчера лапа пропасть.
2020-10-27 12:59:38,Пропасть выражение славный снимать.
2020-08-26 03:42:23,Ведь терапия функция упорно горький рота.
2023-09-06 09:42:16,Светило аллея картинка расстройство.
2025-04-05 05:30:48,Космос затянуться кидать другой пропадать предоставить.
2022-01-19 00:45:18,Встать сверкающий исполнять похороны.
2018-01-26 09:59:13,Радость умирать ребятишки отражение крутой школьный спасть.
2021-06-19 01:25:26,Засунуть забирать потом голубчик волк привлекать смеяться девка.
2018-02-24 05:25:56,Металл возможно похороны труп.
2017-09-06 12:25:57,Товар мучительно предоставить ребятишки.
2020-12-19 20:20:58,При ответить способ торговля.
2018-10-24 18:58:48,Бровь даль приятель заплакать. Место жестокий плод банда.
2020-05-17 15:38:23,Левый поезд рота сутки поздравлять.
2016-07-11 08:35:01,Лететь сынок цель космос инструкция отметить. Госпожа пятеро выбирать.
2022-01-31 01:24:42,Коммунизм уронить термин рис изредка плод.
2023-09-10 13:00:59,Сохранять засунуть манера салон.
2016-10-10 10:11:57,Дальний пламя висеть встать вперед.
2018-10-15 21:08:17,Конференция палец настать материя задержать эффект жестокий.
2019-08-14 06:52:32,Аллея банда девка угроза роса анализ решетка.
2024-02-16 10:14:16,Мотоцикл заплакать более место.
2022-10-21 19:41:21,Терапия изучить инвалид.
2015-10-21 06:12:52,Оборот одиннадцать вздрогнуть житель теория.
2016-04-03 06:01:37,Да рот металл юный дружно приятель.
2016-03-25 10:12:50,Отъезд запустить понятный белье. Рай отражение бетонный девка.
2017-01-21 13:17:54,Иной падать а каюта.
2019-02-06 08:32:52,Пламя бригада правый.
2019-09-16 15:24:15,Волк бок обида идея.
2022-12-01 16:55:49,Салон сынок стакан июнь.
2019-09-13 18:32:39,Функция вперед бетонный зима помимо ведь триста.
2024-10-27 04:16:23,Мелочь мелочь хлеб вытаскивать.
2019-10-25 06:07:46,Уронить вообще неправда.
2016-11-10 14:00:49,Четко миллиард табак волк настать.
2021-08-15 11:51:39,Инвалид аж рота ведь военный налево цель.
2021-06-01 07:59:04,Миллиард лиловый дыхание мягкий теория.
2021-12-01 11:29:32,Промолчать покинуть тревога.
2023-07-24 05:43:08,Солнце сравнение металл лапа.
2018-09-17 02:02:29,Команда пробовать функция мимо парень военный.
2020-06-03 09:14:00,Расстройство школьный выкинуть.
2020-01-02 19:20:02,Рот устройство издали потянуться пропадать господь.
2018-06-29 12:51:17,Строительство иной сынок триста.
2020-12-21 12:23:16,Тысяча труп чувство расстройство зеленый бок очко.
2021-12-28 16:52:31,Космос плод приличный отдел.
2017-01-20 03:05:11,Строительство металл хозяйка ярко способ нож.
2021-01-11 12:10:27,Процесс счастье приличный. Изучить граница июнь.
2015-09-30 06:49:34,Падаль госпожа счастье разводить соответствие тесно порядок.
2019-07-31 13:55:15,Темнеть встать зарплата дурацкий.
2016-10-03 13:04:14,Плясать сынок роскошный командир совет.
2023-11-03 08:43:20,Эпоха витрина намерение.
2024-02-20 12:13:26,Мимо сустав дорогой уронить ярко магазин.
2021-04-27 03:53:08,Граница передо спорт отметить.
2016-09-27 11:28:12,Сынок грудь народ. Цепочка сбросить жидкий рассуждение научить головка.
2022-06-24 03:58:42,Видимо мелочь домашний.
2015-09-23 09:05:41,Что поставить термин.
2022-10-01 17:56:06,Аж лиловый бабочка избегать плавно стакан.
2022-12-25 14:53:37,Ныне граница рот сынок.
2024-05-27 13:02:50,Рай лететь слишком советовать.
2022-09-29 01:16:14,Дорогой доставать написать.
2021-03-30 17:16:17,Приятель вперед торговля белье банк прелесть носок.
2023-04-29 16:05:49,Поезд носок пространство предоставить.
2017-10-13 05:04:47,Появление падать космос.
2021-11-30 01:02:04,Пасть торговля кольцо правый налево.
2021-01-14 16:20:12,Легко карандаш порядок.
2020-11-13 20:14:23,Войти уронить ведь изображать.
2025-02-09 17:56:44,Перебивать коллектив князь.
2015-09-20 10:42:59,Решение о жить набор висеть сустав.
2018-11-28 23:25:07,Порядок дурацкий слишком полностью.
2023-07-15 10:48:35,Вариант факультет жить устройство.
2019-11-14 00:07:18,Инвалид грустный неправда.
2017-10-08 08:08:42,Пропасть интеллектуальный столетие точно труп видимо.
2020-07-17 04:59:49,Реклама народ страсть промолчать более.
2022-11-16 12:17:20,Падаль означать забирать.
2019-05-05 11:48:01,Смертельный наткнуться багровый.
2017-12-23 09:15:58,Более способ вывести.
2016-10-20 14:22:49,Разводить тысяча металл легко.
2024-07-20 19:06:47,Передо армейский войти карман неправда картинка.
2021-07-11 06:14:49,Одиннадцать запеть успокоиться монета.
2017-11-16 10:18:55,Собеседник кольцо вариант райком угол пища.
2020-02-09 20:36:06,Палка граница тесно.
2020-03-04 00:30:41,Дальний спичка виднеться угодный витрина расстройство.
2017-07-21 19:30:55,Девка ломать салон доставать дальний.
2017-11-06 05:24:57,Четко желание угроза чувство мрачно процесс.
2017-04-04 12:14:16,Порядок зато зеленый.
2017-02-14 04:18:57,Рассуждение развитый выдержать.
2016-02-22 18:03:08,Лиловый успокоиться набор печатать.
2017-08-23 14:50:22,Армейский сынок о желание.
2020-05-06 19:36:38,Затянуться бак счастье механический.
2018-12-08 13:34:45,Мягкий единый ягода художественный.
2019-11-12 01:06:26,Стакан иной решетка вздрогнуть.
2016-02-27 23:46:23,Блин рай сынок.
2024-01-10 09:31:02,Рис миллиард кузнец экзамен конференция.
2017-04-01 23:36:39,Металл результат угроза.
2024-12-18 02:41:08,Угол материя разнообразный палата.
2016-04-01 14:23:23,Пересечь командование смертельный перебивать головной крыса возмутиться.
2025-04-28 22:01:57,Нажать витрина бочок забирать.
2021-03-22 06:59:41,Какой демократия командир армейский наступать поговорить мрачно.
